Predicted Values,Actual Values
30.15670764563645,30.0
74.21369093251006,77.0
42.050657494402074,45.0
60.71650685721037,59.0
64.89135158818965,66.0
43.10052403516398,45.0
73.57186397128721,73.0
79.52683598136166,81.0
67.67502527975765,72.0
74.02001567692783,72.0
25.802204242301073,27.0
71.58838349068404,70.0
52.5027791019446,51.0
22.138286372812587,21.0
49.15567591674949,50.0
78.34240746616484,82.0
59.63693958533932,58.0
57.186837282745586,59.0
42.37788872335618,41.0
21.538790489715943,21.0
75.68198294946318,78.0
82.92733442681781,85.0
59.33449622107787,59.0
72.98505512167675,72.0
82.1766862972297,83.0
31.898545956454324,31.0
58.795801532457375,58.0
74.48708997958792,74.0
50.80514808676322,50.0
73.3487896617156,72.0
87.123034658796,84.0
64.07052236853625,67.0
27.523941209909292,29.0
19.93189438847902,20.0
32.30417465300417,31.0
55.08184860029094,58.0
37.912549062866695,39.0
77.89228179915021,77.0
77.40535114393109,78.0
38.40327683728412,39.0
51.194227568651094,51.0
84.03811190821105,86.0
76.68765419688003,78.0
64.11676031201591,66.0
70.68792822339874,74.0
68.32119602794914,70.0
33.28331706271351,38.0
41.785060175739694,44.0
52.123824896983706,52.0
65.65000537944927,63.0
43.43038048974934,46.0
65.69233645757545,63.0
49.20328809414677,50.0
34.99556438857742,37.0
53.94538699929722,52.0
55.83225173922844,55.0
79.31320662935666,77.0
41.353404625075015,46.0
50.36637627671174,52.0
60.861778276974334,59.0
34.611875752115814,32.0
89.28126779796192,87.0
62.358520033322954,61.0
76.61939400850274,75.0
57.271744429648585,59.0
43.1929999221233,40.0
58.89139262634919,61.0
65.6460985140958,62.0
86.162117374786,86.0
90.53429923605037,89.0
26.523754995019548,29.0
69.27514429935923,72.0
51.618873049321266,53.0
22.901976272692682,24.0
30.357841895119822,30.0
75.99958929217753,79.0
53.284637441054905,51.0
32.62700903530357,34.0
85.15471715664573,87.0
41.4090224641438,43.0
78.61388561155472,80.0
53.25144126786722,54.0
77.94231686182816,80.0
29.63648307336592,29.0
31.326463163681584,34.0
54.03247204083028,58.0
41.29807646083452,38.0
58.26412891612284,57.0
22.007496019235724,20.0
50.30329944374181,49.0
72.9811482563233,73.0
60.46696877190874,61.0
87.85312896450495,87.0
35.97164465104033,37.0
70.25843856507267,69.0
47.19630138857316,46.0
77.25064676889194,79.0
60.144069327631826,60.0
70.45019291896689,68.0
33.89970489498647,38.0
69.5148125077705,71.0
27.89879661855214,28.0
42.57660008755888,44.0
30.07698385414081,31.0
43.96240784288967,41.0
63.195996211502056,63.0
45.4513478708228,44.0
69.14574018199144,69.0
87.39415806738009,88.0
47.22232824268799,49.0
78.40939116448826,76.0
64.7237151890137,63.0
55.644649241338286,55.0
83.31468493798226,86.0
72.0183100706253,71.0
39.94956367500944,41.0
57.910264252974365,58.0
26.612813997926633,26.0
38.717277991764746,39.0
52.15445253100927,54.0
24.053943586653663,25.0
31.58429981132306,29.0
79.95537632509384,81.0
61.838295461052425,65.0
55.9633968296111,57.0
82.34251154087283,85.0
56.50588863742988,60.0
27.04585578480038,27.0
81.80573775394032,82.0
36.274088015301786,37.0
44.978653291140155,48.0
85.8553302235559,85.0
29.90405435340233,28.0
81.80964461929379,83.0
44.748364978318016,47.0
35.83670244145937,37.0
61.00392248751436,62.0
25.968221416908776,26.0
59.09805296575427,59.0
55.924617880032585,59.0
59.52027556114377,56.0
46.03983263147063,46.0
37.15271296865403,35.0
70.54596394153182,71.0
68.42275013337785,69.0
39.92917265697151,41.0
33.1762779247577,34.0
86.03981751451356,89.0
82.49740784687654,83.0
35.44935193029492,33.0
46.041806592844665,48.0
69.90067903886217,71.0
53.74588397667354,52.0
61.35092788421811,63.0
27.686051519163534,27.0
76.6400300171913,79.0
46.25178607243825,44.0
44.84439299382502,45.0
32.8522492372138,34.0
36.19663986229993,34.0
68.06835080475045,69.0
53.62274454796239,56.0
86.7857192103095,86.0
77.52157824651145,78.0
50.65745378171857,49.0
60.76984905778538,67.0
71.26583878321293,71.0
60.55360488953515,61.0
36.7247603500868,36.0
70.47597478243112,69.0
78.54023457775116,80.0
43.48041555242729,39.0
42.478843101328465,39.0
20.470344086448897,21.0
30.910907903772234,30.0
44.82201601212158,47.0
53.67564982692221,53.0
62.40968433926791,59.0
79.01832000286008,79.0
44.849931086038175,44.0
67.93029338823702,66.0
49.37034191782608,51.0
89.16340946852186,90.0
18.046607815721448,16.0
25.688252778214483,23.0
61.21059482921089,62.0
53.38594655583299,51.0
85.60435284235915,84.0
86.38675784923981,86.0
50.05213013158048,50.0
89.25577560932601,90.0
53.26280712712184,55.0
32.04598326855689,31.0
63.105016306906975,64.0
64.44147091182562,64.0
35.372148767943685,38.0
47.941958093718476,46.0
53.157945883796074,54.0
82.38863973819731,81.0
68.34841718730848,67.0
55.17239158327083,54.0
22.725384897251345,19.0
83.0255283346634,85.0
56.21629511249584,54.0
89.5972429138166,89.0
68.4706193037172,66.0
53.02264893740932,55.0
51.810807331888626,52.0
25.865281075271007,27.0
73.4448176772226,74.0
13.63333386575308,14.0
18.000724609047584,19.0
50.052567053195666,52.0
65.2931831655412,63.0
56.18907395313651,55.0
20.382566723264034,18.0
37.60674550102214,39.0
72.76223780504722,74.0
21.446424348911798,23.0
62.00194281006551,57.0
54.611319912946904,54.0
71.65674142292507,67.0
82.20242347651623,86.0
70.91499158313322,71.0
53.54841160189302,52.0
85.67849385746393,85.0
71.8634137646216,72.0
84.41445129692667,88.0
55.00084831874142,55.0
38.324442448073185,39.0
59.686974648017284,58.0
60.82828042666691,65.0
86.54719224745668,90.0
38.42540882833693,35.0
85.98232345793447,88.0
46.7963085281002,48.0
73.66398512144073,72.0
62.4508861741271,60.0
49.284643112502096,45.0
51.78295731994954,53.0
51.40637294058328,49.0
38.468082640977464,39.0
44.04539408810468,42.0
37.80017576595375,35.0
33.866753712449416,34.0
51.06351939988362,54.0
38.38144652335105,37.0
78.11776699171104,78.0
49.19582910024562,49.0
96.17606175006513,96.0
42.11031744331977,43.0
80.34411307246737,80.0
83.48816110649112,80.0
59.493054401784434,62.0
36.1727789005237,37.0
81.04185592309567,81.0
76.55320196860032,74.0
31.167904982975017,30.0
85.51613855755909,87.0
76.81350618570015,74.0
21.865776728019434,20.0
36.84453958121484,37.0
57.985546513637615,55.0
27.335804046540225,25.0
67.25853270754588,67.0
82.60661287717096,78.0
34.98810539467628,35.0
26.108991393531188,24.0
69.4062893897419,72.0
43.49943233654761,42.0
22.48913357289231,24.0
81.0626016779394,82.0
16.009785134543264,15.0
86.21502265374583,87.0
55.3457580056245,59.0
67.12887159723601,67.0
69.50759850451998,69.0
44.24262147223459,45.0
82.00321012872085,83.0
31.69741170697095,31.0
66.52373987806249,61.0
81.35940920612398,80.0
72.7786397729223,70.0
67.09617740764102,67.0
34.85949293572948,37.0
79.71739603001139,81.0
46.910259992186795,46.0
45.628184236914755,46.0
51.78681112561695,52.0
83.2205898264547,84.0
83.29309961469981,84.0
55.31020400913364,58.0
66.31203142774548,66.0
88.62495977055198,85.0
57.62224889521396,55.0
67.1587075728406,67.0
75.097841975784,75.0
34.94440008263248,36.0
61.94903753110569,64.0
68.93012486632097,69.0
44.28332132350109,42.0
62.701263827867436,64.0
36.871952671538736,38.0
54.40490456419244,56.0
74.10137069528315,73.0
21.784176719013495,28.0
70.18844940597194,67.0
34.13961809404836,34.0
71.99065198965079,73.0
76.94055247976478,79.0
37.54203744119251,38.0
76.84645736823721,78.0
33.056690624594225,35.0
85.18213024696963,85.0
44.110102147934306,45.0
35.71910110496139,37.0
77.65488922923271,78.0
49.39696334972899,52.0
61.61261833752701,64.0
32.48703071710215,32.0
66.1402962322515,65.0
65.8303938740889,67.0
40.235168149780634,40.0
64.8252692944424,64.0
80.45312617179721,79.0
89.45647293719419,91.0
56.6058115159989,56.0
81.58074254268072,85.0
66.02070893208803,64.0
34.79670577758784,34.0
17.67729049929176,16.0
90.50273428972237,88.0
54.46767972004263,53.0
81.18549611599994,80.0
64.40635383694995,64.0
40.999294971275916,37.0
77.29278591605356,75.0
81.91830298181785,82.0
60.9839683910916,60.0
62.34168114383268,64.0
76.86310432676292,76.0
33.72243160727933,35.0
61.5645572362231,61.0
16.125575315508446,18.0
29.96466361691391,25.0
47.08571012206967,47.0
43.700129664415805,47.0
83.82927367417591,81.0
97.06886609248473,99.0
27.331652190536136,28.0
79.70974510514567,77.0
35.78745903720241,37.0
34.02729785682146,35.0
38.477172861738296,38.0
28.2579423809717,31.0
26.99078461350196,29.0
75.65101773059159,77.0
67.01319116242601,70.0
38.250301432968385,37.0
75.73429365063491,75.0
84.82634468213317,83.0
25.032894065398423,24.0
23.71223129151245,23.0
90.25926896211281,90.0
64.68083744311714,64.0
43.001490558879674,41.0
42.68743634471298,44.0
86.20365679449122,84.0
62.164053119319746,65.0
51.99174249429862,54.0
86.34996486332679,84.0
77.94448275416677,78.0
23.525578108216173,21.0
46.1727066925767,49.0
68.86404257257374,69.0
30.691495468903472,31.0
55.78488455248178,56.0
41.735025113061745,41.0
54.91227929713556,54.0
69.0643851636361,69.0
50.51337666719912,53.0
41.135966151580284,40.0
55.61507025867578,58.0
42.18204757543535,41.0
45.62655301005507,46.0
45.70009429770346,50.0
73.82609543069498,75.0
31.48665257124783,32.0
35.560297933604204,37.0
80.5662380674451,83.0
76.74663223353193,75.0
37.99963410439975,39.0
73.46285087195737,74.0
46.941579947864156,43.0
55.60761126477464,56.0
60.06642924366541,58.0
63.93800304423598,64.0
36.809667496989796,39.0
40.34852503607914,38.0
53.330875384534565,53.0
69.22294334434267,68.0
33.20299869342979,36.0
30.389052104642015,29.0
67.0184722616971,67.0
70.2346873494516,72.0
58.93198273146051,61.0
72.16610211953368,70.0
51.20914555645338,51.0
29.24894063123689,32.0
79.74313320929792,80.0
59.59268760552516,62.0
54.288677461612075,59.0
50.03775881154856,50.0
54.88798141374415,57.0
68.53897723595821,70.0
73.21192655044666,70.0
68.0071948734685,69.0
83.99390461257455,87.0
32.35154183975083,29.0
42.27944982485997,42.0
26.70805035501264,27.0
49.60417035690444,49.0
35.48501567294095,35.0
47.866141167576316,46.0
74.99609593939073,76.0
48.198408505150894,47.0
23.701465159714253,22.0
40.136024927341154,36.0
68.72128663228584,66.0
65.12934388556354,68.0
60.86730436689604,61.0
34.13961809404836,36.0
40.912903844300125,39.0
23.968791449100042,20.0
29.377662836338878,28.0
32.84306127258924,29.0
87.24444511678374,86.0
22.21801016430823,25.0
20.601734167482178,20.0
55.08911566322752,58.0
36.86281776660023,38.0
59.379942506136544,62.0
37.09191177417787,37.0
36.28520888390578,34.0
58.36370906017751,56.0
69.62521184330942,72.0
24.090201907087774,25.0
84.54361042364386,82.0
68.7805216618798,70.0
54.697613296058975,52.0
74.6196093038882,76.0
78.47379754719812,78.0
49.458364271661566,51.0
96.91006292112755,96.0
88.71273713373685,90.0
67.56680383884878,64.0
78.36315322100859,79.0
22.535261770216795,22.0
95.00630623202001,96.0
32.38354370769402,32.0
44.240990245374896,42.0
87.89215290473409,88.0
33.617570363953575,36.0
49.648132661890315,48.0
50.53402467817914,51.0
41.55670476689699,40.0
38.37952562166306,34.0
43.209047153192586,43.0
50.59126174181616,59.0
44.7348332267248,42.0
91.38477250034376,93.0
41.905276328482934,37.0
63.28619645996759,63.0
73.32424678767356,70.0
32.12343142155875,33.0
51.36048973390941,50.0
85.01394718002334,84.0
62.08512098624509,60.0
71.20469485422244,67.0
48.08747450413306,47.0
35.117619258199255,34.0
38.66911914659711,38.0
84.29052020979455,84.0
55.050336713649,53.0
68.31788889005209,69.0
32.23610639559145,32.0
19.565289632158315,21.0
24.861595791519633,30.0
84.67811571160962,85.0
42.84580259445498,45.0
42.96558182558303,43.0
62.18815907174659,63.0
64.77903135096274,64.0
62.431869390006774,62.0
77.58628630634108,76.0
58.734755347330605,62.0
37.47926228534233,40.0
70.73815521704127,71.0
57.85850021957299,56.0
38.48655275732742,38.0
37.38106837749673,39.0
57.43193383721483,62.0
83.65970437102052,84.0
61.28069373446678,64.0
70.5313029466716,71.0
34.91648500871588,38.0
30.352014128078366,26.0
68.45960818126838,67.0
22.41548253908875,23.0
59.90060400002227,57.0
78.69488589310426,80.0
67.91345449874675,68.0
79.9738464414438,77.0
40.20775505945674,37.0
38.276585280025294,39.0
51.592589202264364,49.0
74.44831103000939,74.0
51.58947399533188,53.0
67.46134286806662,67.0
38.816911195505476,38.0
50.27010327055412,47.0
36.6345721039127,40.0
65.96509109301923,68.0
71.8044357279697,70.0
55.94872383245943,54.0
50.41971847728675,49.0
80.74499533522504,79.0
83.04044632246568,82.0
60.123923300244506,62.0
44.31627250603815,46.0
84.00136360647569,86.0
82.3609816572228,80.0
19.382188577409714,17.0
67.39159869961652,69.0
57.013810038143376,58.0
74.93884687346224,74.0
30.051491665504898,32.0
63.18637132526231,64.0
60.51127381140896,57.0
86.62691603895232,82.0
78.24361898053117,78.0
44.41036761756571,40.0
85.45133275386573,88.0
40.62686244791375,42.0
67.6509193273308,67.0
58.22006886727324,56.0
27.9591608914131,26.0
62.62026354631791,56.0
60.315869585103314,63.0
77.85933061661315,78.0
68.54782246606844,68.0
62.22154717589884,66.0
91.87362405725088,90.0
64.87861149501741,65.0
34.47761545480068,33.0
27.48299636799217,32.0
74.18603285153554,74.0
47.05606607742966,48.0
54.02086119092504,57.0
20.03339543422168,22.0
71.9353238254103,69.0
62.389730242845154,62.0
52.50223243417423,52.0
65.59997031677132,66.0
80.60447034925325,81.0
77.24299584402623,75.0
76.58471385524226,80.0
18.884193740055725,20.0
38.62135972241294,40.0
51.66840612840653,55.0
77.62723114825819,78.0
76.47160195959437,76.0
60.29783639036854,60.0
44.576821713788604,44.0
85.1468212411294,85.0
59.87685278440122,56.0
77.48116807007325,76.0
51.45086991104807,49.0
76.03090924785491,72.0
68.64626136456465,69.0
70.73069622314011,72.0
51.52476593550226,50.0
57.92518224077665,57.0
54.82545124854458,56.0
46.71519850039549,46.0
45.32722485272609,45.0
60.76984905778538,60.0
20.69957333852198,22.0
81.26704306531984,81.0
54.84149847961386,54.0
49.04527658121057,48.0
29.165954386021877,28.0
71.86696589316927,73.0
50.504980360995546,52.0
74.44831103000939,74.0
82.08456514707616,84.0
13.052308099006396,13.0
56.4323473497815,57.0
43.069313825641785,42.0
44.79243702945907,47.0
48.156077427024705,48.0
80.12163849035217,81.0
62.998169099915735,63.0
42.34632377702819,43.0
70.50892596496818,71.0
52.99168371853776,49.0
42.18342180935297,43.0
70.43937372748265,69.0
34.4477794791961,34.0
38.534176937016156,37.0
71.77869854868317,74.0
22.634649983306886,21.0
38.46225487393601,38.0
68.37123109062709,67.0
65.20852100928882,64.0
62.9038820574236,61.0
48.270330568231046,46.0
42.67450432057618,41.0
57.4095568555114,58.0
41.52904668592247,40.0
91.34574856011463,92.0
84.75966266092951,86.0
77.11185075364357,77.0
54.23473553358064,52.0
50.78493699739839,47.0
68.69387354196192,70.0
53.805053944289995,57.0
86.66534025172504,90.0
31.844412097458328,32.0
92.69860513290836,93.0
94.24800717756618,94.0
42.67805644912386,42.0
83.42388996827668,82.0
60.04474617651923,58.0
71.80225783333965,68.0
23.719690285413595,25.0
28.829780183093828,30.0
46.36055418111748,46.0
83.83673266807705,86.0
37.87786890960622,42.0
52.041095644710765,49.0
68.75285157861381,70.0
73.66235389458106,74.0
22.929634353667204,26.0
57.386487552156154,56.0
51.430478893010125,54.0
46.63167758970157,48.0
68.02769563766162,70.0
23.422882757229026,22.0
63.24578628352939,62.0
31.82421301038495,33.0
90.95484592040249,93.0
61.238007919534795,62.0
34.42012139822158,31.0
57.05925632320205,60.0
46.853010926258314,50.0
67.95933770542061,67.0
15.048430928918076,17.0
81.34118408042463,82.0
43.22065800309782,41.0
22.581499713696456,24.0
78.3612323193206,78.0
82.39585374144785,80.0
90.67957065581433,93.0
59.1607750619184,64.0
64.82502430379179,60.0
16.784486156872177,18.0
27.38168725321409,28.0
56.127481100239365,54.0
69.18644003325794,71.0
69.91149823034641,68.0
23.106662650723727,23.0
21.84167077559259,20.0
39.29065283364572,37.0
45.85317944817436,47.0
82.14908127594123,81.0
14.810548377699355,18.0
16.0907032312834,16.0
47.24446023374081,49.0
31.049511988056036,33.0
57.40116054930783,60.0
55.587400175409805,55.0
75.57158361392426,75.0
82.72283997975133,81.0
63.71587804925824,64.0
42.303992698902,41.0
66.09050616022417,68.0
60.79203410852424,59.0
44.3092504337522,44.0
54.249706581068985,55.0
52.72219153681336,54.0
55.08911566322752,53.0
25.337160587484142,24.0
37.874316781058546,37.0
65.1218848916624,65.0
68.47565541233767,69.0
80.72840143638538,82.0
39.42535005257606,39.0
54.01700738525762,54.0
37.894270877481304,36.0
51.934056506754956,55.0
77.05697151330972,78.0
73.56771211528313,73.0
45.94380461596363,49.0
73.74534013979607,74.0
50.163076134889764,51.0
37.3430810863392,37.0
13.524565757073852,16.0
80.57724918989392,84.0
44.54115797114257,47.0
70.08689530054325,70.0
24.747289590627243,28.0
72.7100248477392,72.0
62.376798218708345,60.0
65.35433909682315,67.0
29.6395982802984,33.0
58.347404836166156,58.0
32.56013508313534,36.0
37.97725712269632,35.0
56.39356840020299,56.0
72.87436611130954,71.0
52.677984241176866,51.0
87.69847764915185,88.0
32.72328204146119,36.0
47.05493683416267,50.0
38.66175789655969,42.0
42.6672372576396,44.0
42.05637551528835,42.0
74.21951869955151,75.0
36.59144936736553,34.0
50.67627863487434,54.0
39.84391077326271,36.0
53.24260804004846,53.0
23.67692228567221,24.0
28.3287231984934,30.0
12.454443442769437,13.0
41.53986587740672,43.0
60.992911365065545,56.0
49.847880675164625,50.0
67.85812633450624,67.0
74.11993855549683,74.0
73.58287509373604,73.0
89.29791475648763,90.0
44.60814166946597,42.0
76.71747817019315,77.0
80.85930153611743,84.0
32.577218963276245,37.0
88.87569216109813,91.0
37.29304602366125,34.0
40.6768975105917,40.0
53.81232100722658,53.0
63.11638216616159,63.0
79.76170106951162,82.0
72.90923819553458,73.0
88.35359137131728,86.0
54.00817415743886,56.0
92.76479717281077,94.0
72.25648229667233,74.0
35.22135125825802,37.0
69.76163803296316,69.0
81.36667626906055,79.0
82.46608789119918,83.0
50.856667129513966,50.0
46.47173317278593,47.0
49.9878709956575,53.0
61.28952696228555,62.0
71.67122248911217,75.0
47.35347333307065,48.0
40.69848283387415,40.0
47.56127491803418,45.0
26.813948247410007,27.0
33.96278172795641,32.0
19.364155382674944,20.0
80.16006270312488,80.0
51.2018784935168,51.0
44.045586019069255,44.0
28.162461033235076,29.0
46.10044189498221,46.0
32.645833888459336,37.0
45.312743786539,44.0
88.2689292150649,90.0
72.65886054179424,75.0
86.6578812578239,84.0
43.5600416000592,44.0
90.76117066482027,91.0
93.65760151523037,94.0
68.92440684543469,69.0
55.63502435509854,57.0
58.88773075164634,55.0
60.91181333965229,61.0
55.137274508395166,54.0
13.017436014781351,12.0
60.406604499047766,62.0
38.28541850784406,40.0
54.45103276151693,57.0
31.319004169780435,33.0
73.1493963852471,71.0
25.428140492079212,26.0
36.809422506339175,39.0
79.55528572075715,74.0
52.568669464727265,56.0
47.33663444358038,45.0
62.87256210174624,61.0
42.99733870287558,45.0
38.82238422574113,43.0
70.06096619029215,68.0
80.55685817185596,79.0
37.77943001111,40.0
36.75987742496246,37.0
72.27462523756228,72.0
66.48332970162429,67.0
88.63919584608847,93.0
83.55484312769477,85.0
25.05882317564953,26.0
82.55682280514363,84.0
43.812449901642694,45.0
39.38736276141853,41.0
39.70585335674927,39.0
28.286147129716596,28.0
48.459907027495234,48.0
48.36778587734171,46.0
40.07132886980298,38.0
83.97725765404884,87.0
48.58210914390395,50.0
59.54092357212379,63.0
87.88157870390044,89.0
18.62017458856699,19.0
56.25881812158659,56.0
80.29432300044004,82.0
62.43014041928336,60.0
66.51707254258233,67.0
47.7698681614187,50.0
51.73726604424024,52.0
15.73822480434399,17.0
57.86240708492647,61.0
21.968717069657203,22.0
78.27824607410558,79.0
13.017436014781351,15.0
35.0386871251246,34.0
84.99547706367336,83.0
69.12884823281512,71.0
47.081558266065585,47.0
70.41344461723156,70.0
57.73150698519442,58.0
76.67490210141634,74.0
34.25079708571682,34.0
64.78649034486388,66.0
72.78747300074106,73.0
73.11620021205943,72.0
35.431073744909526,34.0
79.5364608676014,80.0
47.5930848550128,49.0
67.17199433378319,69.0
16.725316189255707,16.0
43.032210787100624,46.0
49.72593555169798,50.0
70.04847108777052,67.0
36.382856123981014,37.0
80.07930741222597,78.0
61.391272998678815,62.0
17.23827369858967,18.0
85.81630628332677,83.0
38.65281492258575,42.0
36.86647964130309,36.0
68.16575305417507,64.0
44.29414051498534,47.0
47.004355103714346,48.0
63.398761687845116,63.0
30.58663422557772,31.0
53.78293395552864,54.0
49.214898944052,46.0
55.64603547754736,53.0
84.10430394811347,86.0
32.8522492372138,34.0
64.31398769614582,66.0
50.22995008705799,53.0
38.69080221374328,32.0
32.70229129596682,32.0
28.114057197416805,26.0
59.5118792549402,59.0
48.45244803359408,45.0
52.975036760012046,54.0
87.80724575783108,89.0
30.51827629333669,35.0
40.22814607749467,40.0
47.557967780137126,49.0
43.70950956000493,46.0
59.109064088203084,63.0
45.56539707877312,43.0
42.286908818761106,44.0
46.79403288960641,48.0
56.20137712469355,53.0
31.19670430950799,32.0
56.540760721654934,58.0
53.39750434605216,50.0
39.179898761301004,39.0
40.60784566379342,41.0
60.6443398034796,61.0
47.248612089744896,49.0
85.01231595316364,84.0
33.95911985325356,32.0
30.76702272021734,32.0
56.84952183425908,60.0
64.29758572827072,67.0
40.76491986442719,46.0
56.946936085975146,56.0
73.8963295804463,74.0
31.862637223157673,28.0
52.98205883229801,52.0
31.052819125953096,28.0
18.6349006454047,18.0
42.3770970649352,45.0
39.117613586752064,41.0
78.41275136207135,78.0
49.14658569598866,48.0
27.571810380248643,26.0
84.17844496321825,86.0
56.63895462950053,56.0
76.21208940091552,77.0
94.12240017939668,95.0
45.823780394184965,47.0
67.84563123198464,62.0
85.68950497991277,87.0
39.414775851742434,40.0
38.14544018964263,35.0
56.967572094663716,60.0
41.00620729740669,41.0
69.76909702686432,67.0
71.56269937108355,70.0
54.911487638714576,55.0
48.439707940421854,54.0
73.54246491729783,72.0
27.236415833450124,26.0
76.99034255179211,77.0
62.95446378787193,67.0
39.68397835863853,39.0
54.89208021006219,54.0
42.18342180935297,43.0
90.16498191962069,89.0
28.575548723686065,28.0
78.40548429913478,80.0
52.225570933376986,51.0
23.494258152538798,23.0
76.9058723265043,79.0
80.02319959185594,77.0
89.73530033033003,89.0
83.33543069282601,80.0
57.79908526130592,57.0
20.75638548283527,20.0
68.52935234971848,68.0
71.2954297681669,71.0
87.41574339066254,88.0
87.7756808115031,85.0
76.47184695024498,77.0
66.98350243360832,66.0
59.32703722717673,61.0
74.41127305344575,74.0
49.57789851213899,48.0
21.002016702783436,18.0
57.952595331100554,59.0
55.279430721226646,55.0
44.08989105856948,47.0
48.54318294753854,52.0
50.93100007558334,50.0
82.00104423638224,77.0
23.30448976231004,25.0
35.53089887961482,35.0
65.84506687124056,65.0
37.80763475985489,40.0
69.76406091824384,70.0
59.52817147666009,61.0
87.0252776725656,89.0
77.6562754654418,77.0
20.23477467435567,22.0
55.065009710800666,55.0
50.781384868850715,52.0
87.52910027696103,88.0
41.222259534692355,44.0
41.29061746693337,39.0
80.51956320235026,80.0
35.418141720772724,35.0
51.85487938302968,52.0
36.613581358418344,34.0
34.68186491121653,33.0
63.8217759416556,64.0
66.26614822107162,65.0
58.284083012545594,55.0
59.000597656643606,58.0
31.077170069030558,29.0
63.43555467375815,65.0
79.37218466600855,80.0
53.08908596796236,55.0
77.69139254031745,78.0
24.014919646424527,22.0
59.43743656271565,53.0
74.96625996378616,77.0
42.169295479971666,41.0
73.7688463647665,69.0
43.956580075848215,47.0
62.36953115577177,64.0
24.649887341202636,28.0
33.71348863330539,35.0
61.361694016016315,63.0
72.04963002630268,71.0
76.22482949408776,78.0
27.929761837423715,32.0
38.22955567812464,40.0
55.52259437171646,55.0
44.67837581921731,42.0
85.99940733807536,88.0
42.70191741090009,43.0
66.0575549776871,66.0
37.13779498085174,33.0
16.203460390125493,12.0
31.704079042451106,32.0
49.698277470723454,48.0
55.105162894296804,56.0
71.26410981248952,73.0
65.91150390179361,65.0
82.87374723559218,83.0
53.07466996375277,53.0
32.813470287635276,39.0
32.64173509214129,32.0
56.17751616291732,55.0
77.47924716838527,76.0
66.56276381829161,69.0
54.495092810366536,54.0
87.50480239356963,89.0
87.0781829515254,87.0
66.06110710623477,66.0
62.00604160638355,65.0
74.48169913416164,71.0
26.485330782246827,27.0
36.580875166531904,38.0
42.642939374248186,43.0
41.366691386017614,38.0
61.11684245219768,59.0
43.11747267080943,44.0
44.10377239730016,39.0
68.4297722056638,67.0
72.76559800263031,70.0
23.758714225642727,24.0
30.93328488547567,31.0
23.07786332419076,24.0
62.9306028260957,61.0
58.035581576315565,59.0
86.65240822758824,87.0
69.71757798411356,68.0
59.96921892520536,62.0
48.7733615142055,50.0
27.82801580103044,27.0
38.00100833831737,36.0
40.79233295475109,43.0
38.06216426959932,35.0
31.630974676417914,29.0
54.626237900749196,56.0
37.202311109716796,41.0
37.971719030483165,37.0
27.066601539644125,26.0
46.55248846368484,46.0
76.07324032598109,75.0
40.562399378734746,40.0
36.95493891675375,36.0
61.25509179967569,62.0
45.303118900299246,47.0
38.12133423721578,39.0
57.251545342575206,57.0
20.830526497940067,20.0
89.39028089729177,87.0
33.433519994611096,31.0
59.533464578222635,57.0
35.46402492744659,37.0
29.852343379687007,29.0
47.13880733199406,48.0
42.07875249699178,41.0
42.65567946742043,43.0
70.8582891849751,70.0
50.43463646508903,54.0
77.98662190132839,77.0
38.412219811258055,40.0
41.601021808688664,39.0
34.9571401758047,38.0
59.013582740466454,61.0
60.23679020524177,59.0
69.47584162722741,68.0
56.46019736172059,59.0
53.28439245040428,55.0
63.15915016590297,63.0
48.74786932556958,47.0
47.082349924486564,49.0
65.50202139957634,64.0
71.39115610655413,72.0
47.00272387685466,46.0
55.197883771906746,55.0
69.51644373463019,73.0
41.26320437660948,41.0
47.4176347251299,50.0
63.692017087482014,61.0
63.42696643659,60.0
50.82726807552457,52.0
32.13983338943383,31.0
66.07247296548938,66.0
19.857753373374223,16.0
97.59985679655345,93.0
59.15549396264731,59.0
78.55327634804314,78.0
79.33340571643004,79.0
46.55056756199686,50.0
37.314631346943685,38.0
75.95389801646824,80.0
57.60011690416114,58.0
41.030505180798116,44.0
68.4264120080807,70.0
45.939460828994974,45.0
39.77584251584998,40.0
57.518761885805816,57.0
59.26407014036197,61.0
71.51285623937018,72.0
84.43440539334944,83.0
38.54024969470823,36.0
63.18637132526231,61.0
91.92677432686132,90.0
24.12922584731691,22.0
37.09546390272554,35.0
56.899311906286414,59.0
92.57467404577623,89.0
64.72544415973711,66.0
83.32051270502372,88.0
90.92935373176658,91.0
53.094624060175526,53.0
63.74432778865375,64.0
43.067327861976295,40.0
22.63109785475922,24.0
58.670304280443055,59.0
49.08933663006018,49.0
88.20560739144436,85.0
43.20766091698352,47.0
53.46557260346489,54.0
84.24507392473586,82.0
32.82795135382237,31.0
68.30963823772996,67.0
54.89563233860986,58.0
36.097251649209824,36.0
66.00915114186884,66.0
40.316523168135966,39.0
58.747752433444916,61.0
61.52968515199805,64.0
34.106666911511304,31.0
38.89584332858013,39.0
78.45863456874523,78.0
44.58403571703913,43.0
62.75861063765964,62.0
81.11985074386789,80.0
52.61707330054553,51.0
38.945825331572024,40.0
47.56206657645517,48.0
37.233521319238974,38.0
61.46897814462274,61.0
46.60781662792533,42.0
58.40638287281805,57.0
27.643720441037342,26.0
58.2733168807474,58.0
38.543364901640714,40.0
22.30291731121123,26.0
79.69501904830796,78.0
61.98198871364275,62.0
89.66861830912637,90.0
47.01536622616317,50.0
56.402511374176925,57.0
63.05374225480685,62.0
73.7273069450613,74.0
73.5867819590895,74.0
38.065716398146996,40.0
77.9797095751976,81.0
41.43475964343034,45.0
51.52452094485163,50.0
19.871285124967443,17.0
33.60838239932902,31.0
39.47147824990054,40.0
58.31080378121769,61.0
26.872681293411283,26.0
21.791635712914637,20.0
76.30949165034014,73.0
51.225192787522666,55.0
37.96061016417062,37.0
38.40718370263758,35.0
89.73114847432595,90.0
36.07878153285987,36.0
36.396045141059886,38.0
67.84483957356365,65.0
64.00774721268607,66.0
85.35150761916046,88.0
52.366160981326274,53.0
26.18624761556847,27.0
88.58238370177517,90.0
51.62103894165987,50.0
51.66257836136508,49.0
72.13819904790853,71.0
76.02369524460438,72.0
19.987512227547814,21.0
69.92063313528492,73.0
70.00361938049994,68.0
75.15465412009729,74.0
72.26568226358835,72.0
33.63579548965292,38.0
78.58448655756534,78.0
52.92697565870813,55.0
23.702851395923318,24.0
78.45196723326507,72.0
38.632370844861754,38.0
70.93712357418603,73.0
60.69576110236663,60.0
37.361114281073974,38.0
70.3760519038621,74.0
85.27598036784659,86.0
63.12384116006274,62.0
78.04362597660625,80.0
60.753010168295106,62.0
20.05913261350821,22.0
27.88743075929752,28.0
42.654305233502804,41.0
32.98260266917546,34.0
50.687289757323164,52.0
72.05318215485036,71.0
70.93494567955597,68.0
47.56542677403827,47.0
75.49655834620307,73.0
33.48860316820097,33.0
81.32789731948203,83.0
52.41401814937417,48.0
38.55298978788046,39.0
28.226622425294327,29.0
38.10840221307898,36.0
93.21275694748681,94.0
70.3470075866785,73.0
26.900584365036423,28.0
44.379047661888336,49.0
73.15685537914824,73.0
81.28220604377273,83.0
68.68094151782513,73.0
48.62809009444153,50.0
70.7030381421656,74.0
70.50936288658338,71.0
88.91031925467254,92.0
79.91635238486471,78.0
64.24009167169163,64.0
31.781881932258763,37.0
52.970937963694006,49.0
54.46160696235056,53.0
90.22415188723714,95.0
50.50082850499146,50.0
62.21775005670054,62.0
71.73418957592692,74.0
66.96112545190489,70.0
29.427697899016827,29.0
84.07689085778955,81.0
59.48012237764763,58.0
58.581735258837206,57.0
63.814071957103835,61.0
57.98243130670513,56.0
43.62647863061224,44.0
31.210236061101206,30.0
49.56183927877825,53.0
68.1881300358785,67.0
24.4836251759443,21.0
32.80048520381243,35.0
70.15999966657644,77.0
72.38016839315384,72.0
51.02094333110681,52.0
11.999024674192258,15.0
67.34536075613687,67.0
51.34991553307579,55.0
76.68765419688003,73.0
25.062730041003,25.0
91.69052300250227,90.0
76.75788834663136,74.0
54.77150932051316,53.0
77.73588951078224,79.0
57.18901517737564,59.0
38.27603861225492,40.0
42.024618637995786,39.0
47.67246591199409,49.0
41.41430356341489,41.0
40.48850335428057,39.0
57.47114970840853,57.0
62.640654564355856,66.0
59.69063652272013,59.0
38.10666124006411,40.0
44.58373403991938,47.0
63.581617751943085,65.0
86.60237316491029,86.0
75.3959415530768,75.0
29.80802633789533,30.0
27.437550082933498,26.0
50.203666240001084,49.0
51.511780851679404,52.0
48.785164295075305,47.0
64.40280170840228,64.0
28.026034843581325,28.0
49.27773078637132,48.0
47.94531829130158,47.0
38.248380531280404,37.0
49.989791897345484,54.0
14.332462952590442,18.0
38.10310911151644,37.0
41.48810184400534,41.0
96.05045475189563,96.0
68.94870472882612,69.0
64.68884310478866,64.0
48.166843558822904,48.0
57.6646330330262,59.0
40.789025816854036,39.0
81.60851036981042,80.0
41.334934508725055,38.0
26.439092838767166,26.0
26.379677880500076,27.0
49.5692982726794,50.0
86.72985638059009,89.0
46.73515259681825,45.0
45.09531731533572,42.0
79.80048001909013,80.0
48.65748914843093,48.0
56.77538081915428,59.0
52.44691627222518,53.0
69.55738857654731,72.0
46.70601053577093,46.0
76.25989350927736,75.0
23.64560232999484,25.0
34.6583586862461,36.0
25.210167353105568,24.0
29.928160305829174,31.0
38.239192566655845,39.0
81.28369002384554,81.0
60.90296810954207,63.0
78.22341989345779,81.0
63.96921325375817,63.0
68.31788889005209,69.0
65.72138077475904,66.0
81.14143606715034,80.0
51.93424843771953,52.0
71.93750172004034,68.0
55.13890573525485,57.0
35.27251556420296,37.0
71.96664378108767,68.0
35.1084312935747,35.0
64.21243359071711,65.0
25.872548138207577,28.0
82.77287504242929,82.0
29.097351463130238,29.0
61.06670964565599,62.0
36.09153362832355,35.0
47.52285070526146,51.0
21.66794961643312,22.0
41.085931088902335,42.0
42.14885140224767,45.0
48.35504578416948,48.0
58.647927298739624,61.0
62.69391458012148,59.0
47.87967291916953,50.0
30.535115182826967,33.0
68.99276477767572,65.0
26.940994541474623,26.0
68.22863795618042,69.0
85.23192031899697,87.0
82.32368668771707,85.0
48.62226232740008,46.0
81.9055628886456,82.0
37.895902104341,36.0
78.38864540964451,77.0
83.58660000498733,85.0
86.86958970814091,85.0
62.38756435050654,62.0
54.814085389289964,54.0
86.80730453359195,89.0
38.40519773897209,35.0
62.81610469423874,65.0
48.71498320501002,52.0
35.92961525003389,37.0
26.5630239258993,27.0
64.50790794237865,60.0
51.224063544255664,52.0
25.484952636392503,28.0
71.66064828827854,72.0
24.61832239487464,23.0
55.826958637665896,59.0
21.393274079301364,20.0
35.503293858326344,38.0
29.431796695334874,31.0
81.45513554451122,81.0
61.01667458297804,66.0
67.03502147635908,68.0
73.645160268285,75.0
23.060779444049864,24.0
25.76353503887773,26.0
39.181884724966494,39.0
59.76417781036852,61.0
52.20873204388671,52.0
42.051094416017264,38.0
26.086614411827757,25.0
70.95178456904624,73.0
91.24280821847687,93.0
18.26438902373052,16.0
76.21539653881257,75.0
65.58313142728105,64.0
73.68828300483216,77.0
46.65988233844645,44.0
66.72175892061337,66.0
47.39916460877995,48.0
52.80522246620605,50.0
56.12575212951596,56.0
57.02083211042933,55.0
84.98099599748627,83.0
58.8212937210933,58.0
93.27025100406591,93.0
39.305570821448015,38.0
54.583906822623,55.0
77.89114055359175,80.0
62.688621478558936,64.0
34.22669113328997,37.0
48.77415317262649,49.0
33.39449605438196,33.0
77.34118975187182,78.0
34.40935526642338,31.0
50.727699933761365,53.0
25.680793784313337,25.0
69.48547851575862,69.0
87.96935606708531,89.0
81.82065574174261,80.0
81.99749210783456,80.0
21.210173024552763,22.0
50.95841316590723,52.0
54.22031952937105,59.0
87.8589567315464,88.0
79.87931440830106,81.0
74.32270403183989,79.0
27.437550082933498,28.0
26.599282246333413,28.0
25.175295268880525,19.0
31.30408618197815,31.0
86.97169048133998,87.0
18.75443488588213,17.0
74.65829050960299,75.0
59.50970136031014,61.0
70.53154793732223,72.0
78.0071226655215,78.0
38.955258286847204,36.0
44.477241569733934,45.0
74.593827440424,74.0
18.131078041009257,17.0
47.33663444358038,47.0
25.8694329312751,25.0
81.69677771429652,81.0
75.31928505849594,74.0
26.940994541474623,30.0
58.38607403958949,59.0
59.786554792071954,60.0
57.625854083447685,58.0
30.74519240628428,28.0
31.243187243638264,33.0
23.575613170894126,30.0
32.628994998969056,31.0
37.178450147940566,36.0
56.67718691130868,56.0
81.2174979839431,82.0
49.98041200175635,50.0
76.51254680151149,76.0
51.20914555645338,52.0
58.92694662284004,60.0
88.25731836515968,91.0
51.634920280390546,52.0
42.56237601431385,43.0
33.071416681431934,32.0
76.58061505892421,77.0
56.696011764464444,55.0
49.762973528261625,52.0
66.4782935930038,68.0
40.87940599399269,41.0
63.41708455740819,63.0
95.56303411537527,99.0
18.127525912461586,17.0
48.615350001269306,47.0
24.642428347301482,24.0
78.2763251724176,80.0
76.38886070502998,79.0
47.286844371553045,49.0
29.893043230953513,27.0
51.01348433720567,51.0
41.68933383735245,41.0
66.2949475476046,67.0
48.838314564685746,48.0
70.55584582071364,72.0
76.05130026589286,75.0
49.75023343508939,48.0
55.5266931680345,58.0
62.029792822004595,62.0
81.11985074386789,83.0
70.09632825581842,68.0
56.77009971988319,55.0
57.52429997801898,55.0
50.36558461829076,49.0
28.346511402577555,27.0
39.29811182754687,38.0
65.80490168545298,66.0
39.43809014574829,37.0
74.01646354838014,72.0
33.96302671860703,34.0
64.20087580049793,68.0
55.22356789150723,56.0
51.1203315441969,52.0
67.213778744139,67.0
72.70834893670184,69.0
44.81810914676811,45.0
78.02583777252208,76.0
62.89330785658997,65.0
22.4332707431729,26.0
55.83971073312958,54.0
68.25101493788387,68.0
36.54931022020391,34.0
54.02446637915877,56.0
60.05220517042038,63.0
46.26818804031334,47.0
38.94563340060746,40.0
30.620022329729967,31.0
54.838138282030755,56.0
36.405233105684445,36.0
42.126719411194856,41.0
40.46588138192651,43.0
59.66104553776618,61.0
70.42035694336232,69.0
39.883481381262214,44.0
83.32406483357138,82.0
43.86421393504407,48.0
29.15676642139732,27.0
45.13018939956076,45.0
73.58697389005407,75.0
53.46705658353768,54.0
75.51241364630779,76.0
40.868149880893256,44.0
49.09842685082101,50.0
15.974476128703026,17.0
66.76755994247785,66.0
39.96092953426407,42.0
42.353537780278714,42.0
53.61336465237326,56.0
45.38663981099318,48.0
39.63176540133051,40.0
22.425811749271755,24.0
37.53457844729137,38.0
72.64166691549818,73.0
40.42493654000939,40.0
64.59593029621415,62.0
66.41532650618905,65.0
36.320517889746014,37.0
64.82334839275441,68.0
28.87097001566157,30.0
28.4662906337056,31.0
18.306720101856715,15.0
86.39733205007344,89.0
31.46807270874269,33.0
70.25488643652498,72.0
67.88909155337782,64.0
78.73721697123045,78.0
42.28715380941173,40.0
89.65039318342704,91.0
47.80498523629436,49.0
36.5675884055893,38.0
28.754497922430577,28.0
60.49126665530015,62.0
61.88937758218798,62.0
86.73177728227807,89.0
72.7990838506463,74.0
86.44381498420373,85.0
32.57697397262562,33.0
43.99169715072388,41.0
21.92450977402071,24.0
45.672436216728926,47.0
63.05038205722374,65.0
47.83847108431034,50.0
34.21898714873821,35.0
33.17870081003837,30.0
73.97214650658847,76.0
56.406308493375214,55.0
50.53021555668939,49.0
17.447111932624804,19.0
16.150118189550483,15.0
85.87024821135819,86.0
75.55553638285497,77.0
53.679993613890865,55.0
74.92368389500935,77.0
75.40582343225861,74.0
23.13076860315057,23.0
55.179850577171976,56.0
20.917109555880437,18.0
77.22851477783912,76.0
58.66856330742819,57.0
17.101655577971346,13.0
65.01460076305597,64.0
54.18885232690678,54.0
96.6204693961935,97.0
89.65039318342704,89.0
54.67410707108854,53.0
74.16226963362304,74.0
62.13308790044817,61.0
45.6652222134784,41.0
49.64122033575954,48.0
47.26135218291713,48.0
54.36568869299874,54.0
66.96503231725836,67.0
32.47019182761188,34.0
58.98513300107095,60.0
45.24275462743829,46.0
46.16731584715044,45.0
56.976760059288274,56.0
48.9119655984893,49.0
51.40282081203561,49.0
63.46850585629521,65.0
40.54723640028184,39.0
30.60901120728115,33.0
54.99502055169996,55.0
48.10431339362333,50.0
53.96361212499656,52.0
40.061691981271785,43.0
59.93770703856342,58.0
44.872051074799536,45.0
84.01964179186109,81.0
35.7171151412959,36.0
63.852304238911984,64.0
61.5597130585672,57.0
45.67604140496265,46.0
74.58612345587223,76.0
45.04498057553802,43.0
58.79200441325908,58.0
61.33620182738039,61.0
68.2030480236808,72.0
81.74345257939137,82.0
69.61991874174687,69.0
37.16328716948765,35.0
94.43230253755928,91.0
40.68001271752419,40.0
25.39302341720355,26.0
36.3703610214594,34.0
37.66399456695061,35.0
66.48723656697774,67.0
58.33248684836387,60.0
48.904506604588164,48.0
61.35814188746863,62.0
83.97004365079832,84.0
62.009593734931215,67.0
50.44521066592266,50.0
39.061750757032655,42.0
35.6192759702561,37.0
50.60904994590031,50.0
59.4985924939976,61.0
60.80304523097306,61.0
50.22915842863701,48.0
55.64776444827077,56.0
54.483738953403375,54.0
85.95707625994916,86.0
77.62886237511788,77.0
77.19147680127548,77.0
26.682803157027347,25.0
64.35439787258402,67.0
51.423019899108986,51.0
19.306661326095842,20.0
74.04387663870406,74.0
12.967400952103397,12.0
77.95584861342138,78.0
44.65210397445185,48.0
82.68796789552628,79.0
68.07773070033959,66.0
82.56428179904476,82.0
69.00402089077515,67.0
70.71006021445156,75.0
52.75177051947586,52.0
24.08466381487462,25.0
39.5451292837041,39.0
71.51700809537427,66.0
24.470338415001706,24.0
19.39156847299884,17.0
92.71663832764312,93.0
62.43952031487248,62.0
48.42858707181786,47.0
55.07463459704042,55.0
41.764861088666315,41.0
64.83193662992257,67.0
42.22965975283263,43.0
38.220722450305885,42.0
62.03508592356714,64.0
41.13814404621034,42.0
75.25640015649056,77.0
50.36421038437314,52.0
65.83187785416169,62.0
88.91075617628773,90.0
62.71430559815941,60.0
52.932159014115484,49.0
56.04301087495156,54.0
60.21213758504456,61.0
70.16242255185712,67.0
41.044986246985204,42.0
39.2485136864841,43.0
58.679137508261825,58.0
49.30148200199237,50.0
35.496026795389774,34.0
53.92152603752099,51.0
89.78701130404535,89.0
42.10069255708002,41.0
71.37623811875184,70.0
36.73552648188499,35.0
81.44387943141179,79.0
26.481423916893352,26.0
50.08345008725785,46.0
50.02471704125658,51.0
33.69832565485248,30.0
89.22046660348578,88.0
53.114823147248906,55.0
58.97985190179986,60.0
25.78807791291977,26.0
80.21711983808879,85.0
76.02172128323035,76.0
51.31425179042976,53.0
71.09454050933414,70.0
70.38766275376733,64.0
40.43481841919121,41.0
72.02221693597878,73.0
46.3478020856538,47.0
52.3675352152439,49.0
46.48971330783465,53.0
97.58182360181868,95.0
87.1246658856557,87.0
25.158648310354817,26.0
87.52885528631043,89.0
74.93721564660255,73.0
18.313742174142668,19.0
29.910966679533104,33.0
76.10144507472599,75.0
60.43401758937168,59.0
80.70266425709886,79.0
81.89834888539508,82.0
59.740124917627725,58.0
59.74570769401855,61.0
59.68871562103215,59.0
63.15169117200183,63.0
62.23838606538911,60.0
50.75684199480868,55.0
37.75201692078609,38.0
50.826831153909396,49.0
47.836550182622354,48.0
27.37284202310388,24.0
28.420297680876555,27.0
32.663867083194106,34.0
58.14434968499479,59.0
58.05632733115931,60.0
71.94278281931145,75.0
67.3837027841002,67.0
34.567913447129946,36.0
58.73830747587829,60.0
41.72974401379065,43.0
54.919493300386094,52.0
72.42952154356598,73.0
36.576531379563235,36.0
33.82971573588576,37.0
65.61271040994355,66.0
64.68083744311714,64.0
54.386079711036686,54.0
31.98103021807665,31.0
58.25000258674154,59.0
47.895720150238816,49.0
80.5103752377257,80.0
19.43553077798472,19.0
29.02952819636813,27.0
48.109851485836494,51.0
25.7841710475663,25.0
47.46970043565102,48.0
81.50137348799088,82.0
46.66125657236407,47.0
70.71751920835268,70.0
55.644649241338286,57.0
65.94854187835725,69.0
30.92774679326251,32.0
76.74133913196938,78.0
39.84391077326271,41.0
71.60888425487717,72.0
71.43920520556661,71.0
40.16542398133054,44.0
53.91406704361985,57.0
58.17219969693389,57.0
38.61769784771008,41.0
60.97122829791937,62.0
47.87221392526838,48.0
55.86598257789503,59.0
33.613663498600104,34.0
15.874842924962312,17.0
53.06721096985162,54.0
57.50246966408591,55.0
72.76925987733317,73.0
53.1422362375728,50.0
90.05621381094146,91.0
71.81693083049132,73.0
67.55395399952138,70.0
72.78609876682344,74.0
81.02357773771027,86.0
36.45147104916411,34.0
25.352323565937045,25.0
45.10589151616935,47.0
42.88813367258116,45.0
63.60883891130243,62.0
46.63192258035218,49.0
65.09056493598503,62.0
66.78464382261873,65.0
38.80945220160433,40.0
96.2260968127431,97.0
76.02364218491834,79.0
91.17593426630863,93.0
61.326821931791265,60.0
58.21260987337209,61.0
71.70461059326442,73.0
87.61376243321342,89.0
69.44818354625289,71.0
61.057619424895165,61.0
36.504813249739115,39.0
43.05873962480815,44.0
30.276731867415112,32.0
32.186316323564114,35.0
19.708929825062587,20.0
60.37701351409381,62.0
42.941830609961976,42.0
44.24983547548511,43.0
56.188637031521324,56.0
79.26203032112026,79.0
29.171492478235034,30.0
75.3928263461443,73.0
23.95594160977263,25.0
84.30568318824744,84.0
30.319062945541308,27.0
40.460053614885055,41.0
88.8076239036854,92.0
51.000552313068866,53.0
62.8086457003376,63.0
68.11068188287665,67.0
71.85595477072044,74.0
38.276585280025294,37.0
33.486862195186106,33.0
52.74431152557472,58.0
51.701602301594214,55.0
40.2702852246563,40.0
77.60840629510244,79.0
64.46454021518086,68.0
56.293743265497696,57.0
21.675408610334266,20.0
27.21187295940809,28.0
50.77921897651212,50.0
80.65450541193121,80.0
45.10059841460681,44.0
20.95776472296926,19.0
82.22820533998045,81.0
44.50273375836985,46.0
80.63934243347829,83.0
53.223591255928135,58.0
54.34904173447303,53.0
74.53851127847494,73.0
77.32454279334613,79.0
18.409660443494484,15.0
66.2252033791545,62.0
44.362400703362624,46.0
42.67781145847324,41.0
68.996561896874,68.0
70.48151287464428,72.0
42.5431142395429,43.0
51.31045467123146,51.0
40.91992591658608,38.0
81.56227242633076,80.0
48.69695001027525,48.0
64.1624515877252,63.0
29.302282831811898,31.0
65.35433909682315,66.0
69.15319917589258,69.0
61.349198913494696,62.0
45.17058757370752,49.0
53.128109908191504,54.0
54.55787996850817,57.0
78.2763251724176,77.0
56.57232566798292,56.0
79.31903439639812,79.0
59.450286402043055,60.0
87.43812037236597,88.0
82.30980534898639,83.0
47.794411035460726,43.0
50.15916926953629,48.0
49.18724086307748,50.0
57.31042563536337,61.0
25.04781205320071,24.0
66.20361805587204,71.0
83.65658916408803,81.0
75.5511925958863,76.0
16.834521219550126,17.0
31.401990414995446,30.0
76.31141255202812,78.0
78.65255481497807,78.0
40.07660996907407,37.0
89.88683643875065,86.0
78.62681763569154,77.0
61.48754600483643,63.0
46.10982179057133,46.0
35.457357591966435,38.0
41.24967262501625,41.0
50.34034942259691,51.0
21.295517093070952,24.0
88.91056424532317,88.0
45.67579641431203,50.0
28.156633266193616,30.0
33.997461881216886,32.0
20.81224831255468,18.0
32.28179767130074,29.0
41.40492366782576,41.0
40.36240637480982,37.0
81.84248605567568,85.0
62.44342718022595,67.0
33.453731083975924,30.0
68.26202606033267,69.0
47.339941581477426,43.0
70.7144040014202,72.0
45.013962296980395,47.0
68.76584866472813,69.0
47.6464270555878,48.0
21.369413117525134,20.0
73.09936132256915,73.0
47.46224144174988,49.0
26.390933993599514,26.0
41.84586137021584,44.0
49.991520868068896,49.0
62.02787192031661,61.0
31.924038145090236,28.0
69.0533740411873,74.0
37.01801574972369,33.0
39.628650194398034,42.0
37.75374589150952,39.0
82.42351182242237,82.0
49.40857419963423,48.0
95.91551254231469,95.0
92.92715247271563,92.0
37.3964232869142,36.0
41.37415037991876,37.0
64.03679152986966,65.0
80.6119293431544,82.0
37.28192515505725,37.0
45.45091094920761,45.0
32.81105940464605,34.0
80.53467312111711,78.0
21.407400408682662,18.0
58.594667282974,59.0
82.56384487742957,82.0
75.56966271223627,75.0
64.18482856942863,65.0
40.63022264549685,40.0
59.533464578222635,60.0
63.69957382524688,67.0
90.77030556975879,95.0
54.03913937631043,56.0
39.52299729265129,35.0
71.22533086291101,73.0
33.86320158390174,37.0
52.59850544033184,53.0
62.93563893471617,62.0
45.01569126770381,44.0
33.85401361927718,36.0
77.50517627863637,76.0
61.44887680141309,60.0
28.820934952983613,28.0
47.78315492236129,48.0
62.93588392536679,62.0
22.444881593078133,19.0
80.35373795870711,80.0
42.5027040631047,46.0
46.20782376745237,47.0
77.58410841171101,79.0
29.547477130144877,27.0
41.179683465915545,43.0
40.30594896730233,43.0
55.33829901172335,56.0
29.544361923212396,27.0
68.53290447826615,70.0
68.09413266821467,70.0
62.09267772400996,61.0
50.563411729877075,53.0
85.7247318009436,87.0
72.29501625560022,68.0
62.349140137733826,61.0
70.29860375086025,70.0
65.57201055867705,65.0
60.784575114623095,61.0
24.957514060871446,27.0
19.705022959709115,22.0
77.42417599708683,81.0
58.90847650649008,60.0
37.56050755754248,41.0
96.52271240996309,98.0
76.93136451514022,79.0
73.52972482412561,77.0
52.03604753379884,51.0
43.43838615142084,43.0
31.269116353889373,27.0
66.29711343994319,69.0
95.50430106937401,98.0
79.70272303285972,80.0
66.10343818436097,68.0
74.26955376222946,76.0
71.82438982439247,72.0
62.782373855572146,64.0
87.11557566489486,87.0
53.246160168596134,53.0
71.9778998941871,71.0
42.54702110489637,40.0
60.45056680403364,58.0
55.52980837496699,55.0
51.766065370773205,50.0
65.96657507309203,64.0
45.42921587976999,44.0
79.24686734266734,79.0
62.873108769516605,65.0
41.68350607031099,37.0
84.54751728899733,85.0
50.06680312873215,48.0
54.98929052852223,55.0
64.84373941079237,64.0
73.8670402726121,74.0
70.49425296781651,67.0
37.39623135594964,38.0
64.84373941079237,65.0
59.25488217573741,60.0
70.50892596496818,72.0
76.2156415294632,73.0
35.89256527117879,34.0
41.56727896773062,45.0
73.95921448245167,75.0
31.86654408851114,28.0
48.277597631167616,48.0
61.56810936477078,64.0
38.1097764469966,42.0
68.55701043069298,72.0
52.452989029917255,52.0
40.30925610519938,40.0
64.80644444128664,61.0
65.30064215944235,66.0
42.84623951607016,43.0
47.05824397205973,49.0
19.981684460506358,16.0
47.392252282649174,46.0
27.99012611028467,28.0
55.4562670873186,57.0
62.496577449836394,62.0
70.89316126920015,76.0
58.54637319331093,56.0
44.75582397221916,44.0
51.50412992681369,49.0
64.69723941099222,64.0
50.80351685990353,52.0
78.44786843694702,79.0
54.03384627474789,52.0
49.77903276162236,52.0
67.85596044216764,71.0
60.889681348599474,59.0
83.54738413379363,90.0
60.223503444299176,58.0
24.45186829865174,25.0
78.33910032826779,78.0
79.20592250075022,77.0
72.18649313757162,73.0
61.09273649977083,61.0
70.4634796799095,71.0
81.85385191493029,82.0
23.22505564564271,25.0
74.4208979396855,76.0
41.3146256754965,39.0
91.52884961486322,91.0
74.54403736839666,73.0
30.72133144450805,34.0
61.71278620674665,64.0
35.433496630190206,36.0
66.2644192503482,67.0
63.07804013819827,63.0
63.937456376465605,64.0
30.56668012915496,29.0
41.85698223881984,41.0
68.5688132115628,70.0
59.424696469543406,57.0
37.07308692102211,36.0
66.99461129992086,67.0
32.06238523643198,29.0
56.09670781233237,58.0
75.88173096273746,77.0
58.91929569797433,60.0
17.017185352683537,16.0
47.94723919298957,50.0
24.082742913186628,25.0
66.12226303751673,68.0
49.80139774103435,52.0
72.58105765198661,72.0
22.481674578991164,21.0
65.03716967572397,63.0
74.19131395080662,74.0
29.468397750283334,24.0
35.16158156318513,33.0
29.79286335944243,29.0
53.971316109548326,53.0
66.84110123012623,68.0
78.33929225923235,75.0
44.19865916724871,41.0
37.22972420004069,34.0
28.053692924555847,29.0
45.07145635355949,44.0
43.30887228789787,42.0
86.76497345546576,90.0
51.129711439786035,52.0
56.360372227015304,55.0
65.72354666709765,63.0
52.59495331178417,56.0
75.82586813301806,76.0
63.09088997752568,62.0
38.64007482941352,39.0
78.52941538626692,78.0
33.844633723688055,35.0
77.6565204560924,74.0
58.755211427346055,58.0
74.41343894578435,72.0
61.839779441125216,62.0
53.62605168585944,52.0
66.49252966854029,65.0
50.94764703410904,50.0
60.95221151379904,61.0
57.69969704821581,57.0
53.590987670669826,51.0
36.2724567884421,37.0
35.608701769422474,40.0
91.4193995939182,91.0
74.40573496123258,77.0
34.45331757140926,31.0
62.3396951801672,61.0
81.95317506604289,85.0
46.97713394435502,47.0
58.16039691606408,57.0
93.7518885577225,95.0
24.89256101039121,23.0
73.8396271822882,74.0
65.46709625566524,67.0
51.15544861907257,52.0
44.432936530233704,50.0
39.32620683013658,38.0
74.24525587883804,76.0
86.51207517258102,88.0
73.80830722661084,73.0
82.58977398768069,81.0
38.248380531280404,41.0
72.848628932023,72.0
37.250168277764686,39.0
61.27703185976393,62.0
53.74998277299158,54.0
65.02205975695712,68.0
39.475140124603385,40.0
71.17198866233599,72.0
81.9645409252975,83.0
48.51888506414713,49.0
47.81461012253411,47.0
26.58851611453521,27.0
75.18597407577467,76.0
53.84546412072821,55.0
48.14254567543148,49.0
61.05040542164464,69.0
73.24343843708861,72.0
69.74168393654041,66.0
62.648113558256995,62.0
55.6534944714485,55.0
63.80103018681186,65.0
88.91075617628773,88.0
30.82288554993675,32.0
67.25107371364473,66.0
19.057560162409395,20.0
37.66137975070537,35.0
29.63648307336592,30.0
55.13716476223999,54.0
42.26695472233835,42.0
71.08317465007953,67.0
41.63060079135117,43.0
61.184665718959785,60.0
71.94476878297691,72.0
78.18602718008833,79.0
42.33669889078844,41.0
26.372218886598937,25.0
26.556951168207224,23.0
82.98319725653722,82.0
63.638674886907,67.0
47.17061726897267,48.0
77.28557191280304,74.0
68.87263080974188,70.0
57.78441226415424,60.0
47.90516510780545,46.0
41.06952912102725,41.0
50.307153249409225,50.0
48.86963452036311,49.0
39.27261963891095,40.0
59.474829276085096,61.0
56.68489089586044,56.0
79.56195305623731,82.0
92.3531487782549,88.0
21.389367213947892,19.0
85.76123511202833,89.0
92.76479717281077,92.0
60.58319587448911,62.0
69.73969797287494,70.0
86.1336676353905,88.0
40.804135735620896,42.0
84.08044298633723,89.0
51.04115442047164,51.0
48.41584697864562,48.0
56.77928768450775,59.0
38.420225472929566,40.0
72.62561968442888,71.0
69.08868304702753,71.0
49.865913869899394,50.0
78.16972295607698,78.0
83.14487064417627,84.0
27.60138936291115,29.0
62.985429006743495,63.0
34.68265656963752,34.0
63.3843903678132,68.0
51.69824210401111,52.0
48.50638996162551,51.0
46.62085839821731,46.0
33.381510970559106,32.0
58.64263419717709,61.0
74.82647357654929,74.0
33.31122013433865,29.0
82.17313416868203,82.0
41.8516891372573,43.0
68.75448280547351,67.0
39.54537427435472,38.0
29.98896150030533,30.0
71.00380559538968,69.0
51.05823830061253,52.0
31.160200998423253,33.0
45.637372201539314,48.0
24.293257058259133,23.0
37.17602726265988,41.0
76.76925420588597,78.0
54.659381014250826,53.0
39.87957451590874,39.0
85.23528051658008,84.0
74.41343894578435,70.0
79.75207618327187,83.0
80.34801993782084,81.0
81.08418700122185,82.0
32.366459827553115,33.0
67.20320454330539,64.0
58.6536453196259,59.0
34.45914533845072,36.0
34.38524931399653,36.0
78.34319912458584,81.0
47.19491515236409,47.0
73.82609543069498,69.0
78.27676209403279,80.0
55.297463915961416,55.0
49.81059770795036,54.0
36.486343133389155,40.0
67.5092000361145,70.0
73.48304995903075,71.0
49.28543477092308,47.0
61.0833566041817,62.0
61.72355233854485,59.0
45.68759919518184,48.0
44.882817206597736,47.0
68.74366361398927,72.0
29.874218377797753,32.0
47.34409343748152,47.0
76.38357960575888,76.0
30.30805182309249,29.0
86.5600420867841,87.0
75.53143043042812,71.0
75.64044352975797,75.0
61.332649698832725,63.0
26.387573796016415,28.0
62.599807466302465,64.0
17.8838155942014,16.0
91.18922102725122,89.0
88.98421527912673,90.0
93.5123300954664,91.0
45.52469722750662,43.0
83.6046331997221,84.0
46.9543200410364,47.0
41.56391877014751,47.0
70.47597478243112,71.0
36.30392399090636,37.0
36.02371036156145,35.0
36.16368867976287,38.0
84.99547706367336,85.0
59.27196605587831,58.0
69.30454335334862,69.0
74.76946950127143,74.0
89.66140430587585,89.0
74.9703587601042,80.0
19.898698215291343,21.0
45.28098690924644,45.0
74.02722968017835,74.0
80.26883081180411,77.0
54.557634977857546,51.0
36.97376376990952,38.0
68.08854989182383,69.0
97.37130945674619,98.0
81.74656778632385,85.0
61.8862623752555,62.0
36.39031511788216,38.0
57.55171306834288,57.0
45.66720817714389,41.0
74.18627784218614,76.0
31.70635468094489,30.0
27.003279716023574,28.0
57.382690432957865,56.0
76.2563413807297,77.0
81.65420164551972,85.0
70.32626183183477,72.0
40.73942767579127,42.0
56.3329591366914,56.0
43.45467837314075,43.0
38.27579362160431,38.0
36.091970549938736,38.0
29.516266920622684,30.0
50.649994787817434,52.0
54.971257333787456,55.0
64.96481069102865,67.0
76.63810911550331,78.0
51.22598444594365,51.0
38.034506188624796,39.0
43.41788538722772,46.0
63.05211102794716,67.0
53.59820167392035,52.0
34.40718937408477,36.0
52.87521162530676,54.0
22.492685701439985,25.0
53.48577169053827,53.0
27.490455361893318,28.0
65.36535021927197,64.0
76.14402114350278,77.0
48.131971474597854,46.0
66.17161618792886,69.0
74.03251077944945,74.0
81.37917137158216,85.0
50.493614501740936,49.0
88.38515631764528,89.0
87.93803611140794,88.0
38.86807550145042,40.0
56.13518508479113,58.0
66.18790840964878,63.0
54.87325535690643,57.0
85.28897745396088,87.0
43.2355759909001,40.0
64.29551757979586,67.0
34.55487167683796,32.0
26.8021454665402,27.0
48.013578479678884,47.0
51.430478893010125,51.0
72.82042418327812,72.0
29.910966679533104,31.0
43.35727612371614,42.0
26.34089893092156,28.0
44.080458103294305,45.0
75.69917657575924,75.0
78.95543510085471,81.0
88.60624466355141,88.0
67.33573586989712,67.0
65.54801435240537,62.0
59.8525549010098,59.0
76.88330341383629,75.0
33.97196969258097,30.0
62.04115868125921,62.0
17.160825545587812,17.0
46.26428117495986,47.0
85.68595285136509,87.0
51.000552313068866,51.0
71.33385398093962,72.0
73.84274238922069,76.0
53.777395863315476,56.0
85.27598036784659,86.0
36.22623084725389,37.0
36.732219343987936,35.0
52.622803323723254,54.0
85.11550128545204,83.0
39.368537908262766,40.0
76.55902973564176,78.0
45.69288029445293,47.0
73.07020725923037,68.0
65.63820259857947,67.0
88.82565709842017,92.0
70.50936288658338,67.0
58.69405549606411,59.0
61.6037731074168,61.0
68.9094888576324,69.0
50.41971847728675,53.0
47.51203151377722,48.0
33.51235438382202,32.0
48.156077427024705,47.0
72.23994508430181,71.0
51.52867280085572,48.0
44.01575004346468,43.0
43.076772819542924,44.0
52.316125918648325,53.0
23.863138547353298,24.0
76.49180104666775,76.0
58.05963446905636,58.0
57.46013858595972,59.0
49.296445893371896,51.0
67.4080006674916,68.0
75.00859104191234,73.0
61.21450169456436,60.0
54.98929052852223,56.0
67.23476948963336,66.0
34.763656851187044,34.0
73.60337585792915,75.0
51.65200416053145,53.0
32.68382117961686,31.0
90.64469857158929,88.0
50.472978493052366,48.0
54.85478524055647,56.0
68.97972300738373,67.0
30.276486876764498,29.0
32.2427737310716,30.0
40.277744218557444,40.0
64.26029075876501,64.0
22.531709641669117,23.0
38.34988157702305,39.0
36.423703222034405,33.0
31.73930586348195,33.0
67.88741564234046,68.0
29.101148582328527,32.0
34.5604544532288,33.0
82.14162228204007,83.0
40.83682992521588,41.0
77.80761964289783,76.0
73.7398020475829,76.0
43.652260494076444,45.0
72.54599363679698,72.0
62.0442738881917,60.0
72.89866399470097,75.0
53.675894817572825,55.0
91.09892303492197,91.0
56.54491257765902,56.0
79.4070567502336,77.0
44.683668920779844,47.0
39.37165311519526,37.0
59.31410520303993,61.0
53.40141121140564,58.0
43.06516196963769,42.0
40.4367393208792,40.0
60.44147658327282,59.0
50.15778303332723,53.0
47.15397031044697,47.0
74.95568576295251,72.0
92.09140526525995,90.0
41.33537143034024,43.0
36.54185122630277,35.0
55.23319277774698,52.0
46.20036477355123,47.0
48.70337235510479,50.0
58.40638287281805,57.0
58.95080758461627,58.0
78.75213495903274,78.0
24.981811944262866,25.0
60.85065740837034,64.0
59.31741234093698,61.0
40.562399378734746,42.0
39.21892270153015,39.0
47.44174067755676,46.0
85.46027572783969,88.0
25.639848942396213,26.0
50.54651978070075,49.0
27.492376263581306,34.0
30.112100929016474,31.0
54.29558978774285,52.0
65.83542998270937,68.0
47.65443271725931,50.0
93.58370549077618,93.0
33.64740633955815,32.0
48.82418823530444,48.0
34.7576818373587,36.0
51.937608635302624,54.0
55.93953586783486,55.0
70.97224064906169,74.0
56.30312316108682,53.0
76.78036307219853,76.0
54.37694480609817,54.0
80.91437270741585,80.0
69.208270347191,68.0
60.286825267919724,63.0
46.25351504316166,46.0
43.97515993835336,45.0
42.17284760851934,43.0
81.91638208012985,83.0
56.45446733854286,56.0
32.92441629094456,29.0
76.86665645531059,79.0
39.58216726026775,40.0
56.03945874640389,55.0
56.312213381847656,55.0
64.2328776684411,65.0
41.746582903280924,41.0
53.27338132795546,53.0
39.212849943838066,41.0
33.83692973913629,34.0
24.191511021865857,23.0
69.28043740092177,70.0
38.997834355624015,38.0
42.838535531518396,45.0
14.941338731276218,14.0
37.13803997150236,37.0
32.02005415830579,33.0
83.2056718386524,81.0
66.1140123851946,68.0
72.11216019150226,76.0
72.99059321388992,74.0
40.3369141861739,41.0
68.2745211628543,70.0
87.7756808115031,89.0
24.871220677759382,25.0
37.49970636306632,36.0
28.032702179061484,27.0
72.18269601837332,71.0
58.854779569109276,56.0
38.034506188624796,41.0
43.117362924654245,41.0
33.77222167930667,34.0
24.50955428619541,23.0
77.11594954996161,78.0
74.34320479603302,76.0
81.15472282809293,78.0
37.0487890376307,38.0
50.45128342361474,48.0
66.07361421104784,65.0
53.78821505479973,59.0
51.32971644600241,52.0
94.98783611567005,97.0
53.41553754078694,54.0
33.80397855659923,34.0
81.46842230545381,80.0
50.63167191825437,54.0
58.71089438555438,63.0
25.813570101555683,26.0
82.25058232168388,85.0
38.610238853808944,40.0
68.21415688999333,68.0
32.16942437438779,32.0
44.61939778256541,44.0
65.65331251734632,70.0
64.5406141342651,66.0
75.62864074888816,76.0
30.346721026515826,29.0
68.43915210125293,70.0
66.5201877495148,64.0
77.32068898767871,76.0
72.63065579304936,72.0
25.19188916772018,24.0
40.86311377227278,40.0
35.689702050972,37.0
37.57829576162663,42.0
26.85193553856753,28.0
61.31027271712929,61.0
50.81764318928483,53.0
50.03775881154856,50.0
58.55209121419719,55.0
64.21603877895083,67.0
80.94222271935494,79.0
76.49180104666775,77.0
27.947795032158485,26.0
27.852558675072473,26.0
44.49546669543328,44.0
84.98801806977222,80.0
73.95367639023851,73.0
59.739879926977096,61.0
51.81802133513915,53.0
62.47247149740954,59.0
37.52322459032821,40.0
83.23915768666839,88.0
72.49284336718654,76.0
66.17689728719996,65.0
24.385431268098706,23.0
51.452855874713556,50.0
54.829003377092256,59.0
58.04862334660755,57.0
15.065269818408353,14.0
39.10245060829915,41.0
78.79861789316301,81.0
44.60423480411251,47.0
68.95206492640921,67.0
91.23342832288772,92.0
91.95107221025273,95.0
79.37410556769653,79.0
23.014541500570203,24.0
66.12537824444921,67.0
30.403970092444307,30.0
90.60982648736424,91.0
18.73640169114736,21.0
84.00882260037683,87.0
69.12163422956459,69.0
71.91493280737234,72.0
71.00138271010901,70.0
62.42268142538221,66.0
55.967193948809395,55.0
60.13330319583363,60.0
66.41724740787703,67.0
64.48553096067523,65.0
90.39065904314609,87.0
46.875387907961745,48.0
85.76315601371631,87.0
84.07689085778955,84.0
30.798342675894716,32.0
26.96094863789738,27.0
39.95658574729541,37.0
40.42518153066001,43.0
79.64192183838357,77.0
66.70640401119589,65.0
40.75390874197837,43.0
66.20692519376911,64.0
43.054587768804055,43.0
53.62249955731177,57.0
72.90923819553458,73.0
35.185687515611974,32.0
83.00844445452252,85.0
52.72219153681336,54.0
81.14726383419178,81.0
83.16526166221422,79.0
54.86970322835876,58.0
49.13764272201472,53.0
24.955882834011756,25.0
42.22985168379719,41.0
42.60564440474246,44.0
68.95181993575859,70.0
27.782324525321147,29.0
34.25628211824393,34.0
54.51001079816882,56.0
47.58581779207621,49.0
72.76180088343203,78.0
86.7149383927878,88.0
44.170209427853194,45.0
79.66760595798405,77.0
79.28001045616898,76.0
69.71594675725387,70.0
80.35547893172199,80.0
46.94537706706245,45.0
73.1493963852471,71.0
40.2558041584692,42.0
65.95017310521695,65.0
57.34944957559251,56.0
95.53398979819168,93.0
63.88214021451657,62.0
52.550391279341866,52.0
23.793586309867774,24.0
60.550244691952045,61.0
79.14363732620129,78.0
31.879284181683374,28.0
87.84255476367132,86.0
69.80030723638652,69.0
68.92987987567035,71.0
91.38062064433967,91.0
78.13069901584785,79.0
38.42905870074833,41.0
36.63022831694405,36.0
56.81049789402994,57.0
53.49159945757973,54.0
74.95188864375423,75.0
41.98638635618764,40.0
60.37148742417211,61.0
67.05384632951483,67.0
73.34637877872638,72.0
41.820369181579935,42.0
64.20833479439906,60.0
44.29078031740223,41.0
29.749403038049238,32.0
53.08933095861298,53.0
39.139745577804874,42.0
48.936508472531344,49.0
55.69251841167764,56.0
23.789242522899116,24.0
41.03224615381298,39.0
60.06642924366541,61.0
79.08969539816987,78.0
52.67743757340649,53.0
49.62630234795725,48.0
52.93606587946896,54.0
69.44116147396694,70.0
56.154201868911464,59.0
87.28346905701287,89.0
57.75675418317972,58.0
49.16505581233861,52.0
31.17511898622554,32.0
36.8370805873137,32.0
70.3082286371,69.0
39.90698760623265,40.0
69.98297136951992,73.0
39.74823749456151,39.0
41.4090224641438,40.0
38.74884293809275,35.0
48.938237443254756,52.0
74.15332665964908,77.0
69.15512007758056,67.0
61.08745540049974,58.0
64.29551757979586,66.0
63.00059198519641,66.0
63.60710994057901,62.0
66.13718102531901,66.0
47.40108551046794,49.0
34.02339099146799,32.0
33.36328584485977,32.0
38.831327199715076,38.0
18.18278901472458,16.0
29.184179511721222,35.0
46.90670786363911,49.0
29.649223166538153,29.0
33.30785993675555,34.0
36.68964327521113,33.0
72.21174033555693,73.0
21.66794961643312,23.0
36.6672662935077,35.0
30.503358305534398,30.0
75.256208225526,73.0
40.1853780777533,43.0
35.1392045814817,38.0
20.378414867259945,21.0
25.615987980619984,26.0
45.7220343577917,43.0
33.73759458573224,32.0
64.94895539092391,64.0
21.25274909332957,20.0
40.20221696724357,41.0
73.50734784242216,70.0
38.46798489711374,36.0
27.12740273412028,26.0
40.2262251758067,37.0
86.51207517258102,89.0
74.83921366972153,77.0
49.971321780995524,47.0
32.645833888459336,33.0
61.720245200647796,61.0
39.39793696225216,39.0
72.7363086947961,74.0
58.629894104004855,54.0
44.64681087288932,47.0
48.12841934605018,49.0
50.29559545919004,53.0
70.29138974760973,66.0
83.85026441967027,84.0
25.54436759465959,27.0
22.444881593078133,23.0
70.30803670613543,72.0
15.38574637740458,16.0
50.45266965982381,47.0
70.6771090319145,73.0
45.493678948949,45.0
67.72333137171219,68.0
66.00915114186884,69.0
68.64053134138692,69.0
69.32113725218828,69.0
67.20103865096678,65.0
50.97308616305891,48.0
59.048017903076314,57.0
62.49494622297671,62.0
66.07247296548938,70.0
73.79319730784397,73.0
38.96098831002494,39.0
51.55416498949164,53.0
41.0180100782765,40.0
44.118690385102454,47.0
69.37453251244933,68.0
70.76364740567718,73.0
21.238023036491857,23.0
39.08033061953779,39.0
41.52115077040614,40.0
39.651027176101465,42.0
34.94632098432046,35.0
47.75519516426702,47.0
43.096971906616304,46.0
29.7952862447231,26.0
33.09926669337103,36.0
70.80068538224083,75.0
49.33443318452943,48.0
58.69815429238214,57.0
64.35221997795396,62.0
48.00611948577773,50.0
31.614135786927637,30.0
44.39036046145689,44.0
34.23035300799282,36.0
71.93201668751324,69.0
68.79153278432861,66.0
45.3847189093052,46.0
69.23256823058242,68.0
69.5460227172927,68.0
37.13784804053778,37.0
36.51779833356197,36.0
42.046750629048596,40.0
39.52299729265129,40.0
61.902554596975406,60.0
68.13088096995003,70.0
43.676268702639575,43.0
76.98504945022957,81.0
44.740660993766255,42.0
61.653808170094756,60.0
33.95177060550759,36.0
48.10412146265877,46.0
59.909803966938284,60.0
71.59229035603751,67.0
51.37298483643103,49.0
49.140757928947195,47.0
79.43135463362502,79.0
59.00084264729422,61.0
82.35352266332164,82.0
48.92549735008252,48.0
55.59258353081717,54.0
77.3851520568577,75.0
66.31401739141097,68.0
49.5945454706647,50.0
87.35321322546297,87.0
22.035346031174818,25.0
50.8660470251031,45.0
23.19181478827734,25.0
31.514310652222353,28.0
36.112169637012116,36.0
50.95822123494267,53.0
50.21093330293766,47.0
80.975173901892,84.0
66.25453737116638,66.0
67.4536919432009,66.0
54.56316106777926,55.0
69.80855788870865,71.0
81.41255947573441,86.0
80.16204866679037,80.0
34.17137497134093,36.0
57.02299800276793,57.0
75.95346109485305,77.0
52.65194538477058,52.0
30.51827629333669,29.0
42.35689797786182,43.0
32.24860149811306,30.0
78.61388561155472,74.0
26.54810593809701,27.0
74.06451264739262,72.0
82.9132080974365,82.0
34.0659670602448,31.0
60.35681442702043,62.0
84.98055907587108,79.0
90.93266086966364,92.0
25.603345631311484,27.0
78.66367568358206,79.0
79.9183383485302,82.0
30.241614792539448,28.0
68.93714693860692,73.0
61.354480012765784,59.0
79.46291957995301,81.0
55.751933369944716,59.0
77.26146596037619,77.0
27.743545575742626,26.0
68.43020912727899,70.0
39.239570712510165,38.0
43.92501512952022,42.0
38.48438686498882,40.0
33.322585993593265,35.0
56.31082714563859,56.0
47.506203746735764,48.0
75.79509484511105,76.0
71.44677394562294,71.0
20.773224372325544,20.0
77.40199094634798,75.0
90.0061787482635,89.0
79.17687818356664,79.0
35.12117138674692,40.0
59.2438710532886,57.0
66.8471739878183,66.0
71.74867064211402,69.0
89.27050166616372,85.0
50.35699638112261,53.0
36.29483377014553,37.0
54.82154438319111,58.0
74.56087625788693,71.0
40.928759144404836,42.0
53.144414132202854,58.0
65.64566159248061,68.0
54.5280439929036,56.0
53.55606252675874,52.0
50.50082850499146,54.0
67.52219712222882,66.0
46.465415424443236,48.0
70.76009527712951,69.0
62.607266460203604,62.0
77.70275839957206,80.0
69.61053884615775,71.0
82.1084261088524,82.0
51.99155056333405,56.0
53.710766901797875,53.0
70.16024465722705,72.0
76.73195923638025,76.0
65.91722192267989,63.0
70.8469233257205,70.0
62.42105019852252,59.0
41.644482130081855,42.0
66.4390777218101,67.0
50.19838514073,52.0
39.495339211676765,40.0
50.55813063060598,50.0
79.33177448957035,79.0
72.85988504512244,75.0
60.893343223302324,63.0
53.85508900696796,56.0
44.974991416437305,40.0
54.44002163906811,57.0
48.938237443254756,50.0
35.351949680870305,39.0
36.78339565222434,36.0
59.98551114692526,59.0
48.86217552646197,49.0
30.375875089854596,26.0
33.720947627206534,28.0
87.09526683166631,88.0
19.1146172973733,17.0
83.41426508203693,81.0
61.62615008912024,63.0
77.4719801054487,74.0
30.957582768867084,32.0
73.3009324936677,72.0
92.86027852054741,91.0
43.46021646535391,44.0
68.93733886957149,66.0
41.60269771972604,45.0
67.92950172981602,68.0
71.47754723352995,71.0
57.78851106047229,59.0
53.89722815412958,56.0
79.03635319759485,78.0
79.79302102518899,81.0
72.92632207567549,74.0
62.14992678993844,65.0
65.53353328621827,65.0
38.74083727642124,40.0
48.31463560773127,49.0
52.75133359786068,54.0
52.52254126740278,48.0
37.3846205060444,40.0
88.2689292150649,90.0
35.03825020350941,36.0
90.71157252375751,89.0
74.95040466368144,78.0
69.25470022163523,69.0
73.54751302820975,75.0
60.59637288927652,58.0
44.91793428147339,44.0
74.07726474285631,74.0
76.5825359606122,75.0
70.62366908747575,69.0
32.69873916741915,34.0
35.709901138045375,38.0
61.100195493671976,58.0
86.98270160378878,92.0
85.41092257742754,84.0
63.92080941793991,62.0
55.91932477847004,59.0
60.41015662759544,62.0
72.84670803033502,75.0
60.926474334512505,59.0
50.71494783829768,52.0
63.682926866721175,69.0
68.90750289396692,67.0
63.0907802313705,65.0
71.75968176456284,70.0
14.434208988983716,12.0
86.2185747822935,86.0
72.82433104863159,73.0
40.7774149669488,41.0
55.59258353081717,55.0
57.77004094412232,62.0
57.15023622779712,61.0
32.37391882145427,33.0
76.49980670833926,77.0
60.17390530323641,63.0
89.93228272380932,91.0
81.16746292126517,82.0
67.78586153691175,72.0
22.193712280916806,20.0
20.014925317871718,20.0
45.93634562206249,46.0
43.265154973562616,44.0
81.65420164551972,79.0
32.76151432326934,34.0
92.92360034416797,92.0
23.07179056649868,25.0
70.03883419923933,69.0
21.40428520175018,20.0
25.258326198273213,27.0
39.497505104015374,40.0
83.72441243085015,83.0
50.188748252198806,50.0
56.00379500375786,55.0
34.33709046882888,39.0
21.620145508071268,23.0
56.4909706496276,58.0
72.98668634853644,74.0
94.36611049765686,95.0
65.25128900903019,64.0
